"Source:","/home/oliver/Sync/Ham/T41/VHF_UHF_Lband_Receiver/Rx_LTC5584_SI571/Rx_LTC5584_SI571.kicad_sch"
"Date:","Sat 03 Feb 2024 08:19:21 PM EST"
"Tool:","Eeschema 7.0.10"
"Generator:","/app/share/kicad/plugins/bom_csv_grouped_by_value.py"
"Component Count:","80"

"Collated Components:"

"Item","Qty","Reference(s)","Value","LibPart","Footprint","Datasheet","DNP","Mouser Part Number"
"1","2","C1, C3","27 pF","Device:C","Capacitor_SMD:C_0603_1608Metric_Pad1.08x0.95mm_HandSolder","~","","581-600L270JT"
"2","1","C2","52 pF","Device:C","Capacitor_SMD:C_0603_1608Metric_Pad1.08x0.95mm_HandSolder","~","",""
"3","6","C25, C32, C35, C36, C61, C68","0.1uF 50V","Device:C","Capacitor_SMD:C_1206_3216Metric","~","","581-12065F104K4"
"4","2","C26, C62","100 pF","Device:C","Capacitor_SMD:C_1206_3216Metric","~","",""
"5","2","C29, C30","100 pF","Device:C","Capacitor_SMD:C_0603_1608Metric_Pad1.08x0.95mm_HandSolder","~","",""
"6","1","C31","470uF 25V","Device:C_Polarized","Capacitor_THT:CP_Radial_D10.0mm_P5.00mm","~","",""
"7","3","C33, C34, C69","10uF 50V","Device:C","Capacitor_SMD:C_1206_3216Metric","~","",""
"8","4","C50, C51, C52, C53","10 nF","Device:C","Capacitor_SMD:C_0603_1608Metric_Pad1.08x0.95mm_HandSolder","~","","810-C1608C0G1E103J"
"9","4","C54, C55, C56, C57","10 nF","Device:C","Capacitor_SMD:C_1206_3216Metric","~","",""
"10","3","C58, C59, C60","0.1 uF","Device:C","Capacitor_SMD:C_1206_3216Metric","~","",""
"11","4","C63, C64, C65, C66","1 uF","Device:C","Capacitor_SMD:C_1206_3216Metric","~","",""
"12","1","C67","2700 pF","Device:C","Capacitor_SMD:C_0603_1608Metric_Pad1.08x0.95mm_HandSolder","~","",""
"13","1","C70","0.1uF 50V","Device:C","Capacitor_SMD:C_0603_1608Metric_Pad1.08x0.95mm_HandSolder","~","",""
"14","1","J1","5V","Connector:Screw_Terminal_01x02","TerminalBlock:TerminalBlock_bornier-2_P5.08mm","~","",""
"15","1","J2","3V3","Connector:Screw_Terminal_01x02","TerminalBlock:TerminalBlock_bornier-2_P5.08mm","~","",""
"16","1","J3","RFControl","T41_Library:IDC_2x5","Connector_IDC:IDC-Header_2x05_P2.54mm_Vertical","~","",""
"17","1","J7","Q_P_out","Connector:Conn_Coaxial","Connector_Coaxial:SMA_Amphenol_901-144_Vertical"," ~","",""
"18","1","J8","Q_N_out","Connector:Conn_Coaxial","Connector_Coaxial:SMA_Amphenol_901-144_Vertical"," ~","",""
"19","1","J9","12-13.8V","Connector:Screw_Terminal_01x02","TerminalBlock:TerminalBlock_bornier-2_P5.08mm","~","",""
"20","1","J11","ENABLE","Connector:Conn_01x02_Pin","Connector_PinSocket_2.54mm:PinSocket_1x02_P2.54mm_Vertical","~","",""
"21","1","J12","LTC5584 control","Connector:Conn_01x08_Socket","Connector_PinSocket_2.54mm:PinSocket_1x08_P2.54mm_Vertical","~","",""
"22","1","J14","RF_IN","Connector:Conn_Coaxial","Connector_Coaxial:SMA_Amphenol_901-144_Vertical"," ~","","712-CONSMA001-G"
"23","1","J15","I_P_out","Connector:Conn_Coaxial","Connector_Coaxial:SMA_Amphenol_901-144_Vertical"," ~","",""
"24","1","J16","I_N_out","Connector:Conn_Coaxial","Connector_Coaxial:SMA_Amphenol_901-144_Vertical"," ~","",""
"25","1","J34","Si571_OUT","Connector:Conn_Coaxial","Connector_Coaxial:SMA_Amphenol_901-144_Vertical"," ~","","712-CONSMA001-G"
"26","2","L1, L2","60nH","Device:L","Inductor_SMD:L_0603_1608Metric_Pad1.05x0.95mm_HandSolder","~","","994-0603DC-62NXJRW"
"27","3","L5, L6, L7","10uH 20%","Device:L","Inductor_SMD:L_Bourns-SRN6028","~","",""
"28","1","L9","1.5uH","Device:L","Inductor_SMD:L_0603_1608Metric_Pad1.05x0.95mm_HandSolder","~","","810-MLF1608A1R5J"
"29","1","R1","100R","Device:R","Resistor_SMD:R_0603_1608Metric_Pad0.98x0.95mm_HandSolder","~","",""
"30","2","R10, R11","2k2","Device:R","Resistor_SMD:R_1206_3216Metric","~","",""
"31","2","R22, R38","R2/2","Device:R","Resistor_SMD:R_0603_1608Metric_Pad0.98x0.95mm_HandSolder","~","",""
"32","4","R23, R24, R34, R35","R1","Device:R","Resistor_SMD:R_0603_1608Metric_Pad0.98x0.95mm_HandSolder","~","",""
"33","4","R25, R26, R27, R28","100R","Device:R","Resistor_SMD:R_1206_3216Metric","~","",""
"34","1","R36","R2","Device:R","Resistor_SMD:R_0603_1608Metric_Pad0.98x0.95mm_HandSolder","~","",""
"35","1","R37","50R","Device:R","Resistor_SMD:R_0603_1608Metric_Pad0.98x0.95mm_HandSolder","~","",""
"36","1","R39","36R5","Device:R","Resistor_SMD:R_1206_3216Metric","~","",""
"37","2","R40, R45","0R","Device:R","Resistor_SMD:R_0603_1608Metric_Pad0.98x0.95mm_HandSolder","~","",""
"38","1","TP4","5V","Connector:TestPoint","Connector_PinHeader_2.54mm:PinHeader_1x01_P2.54mm_Vertical","~","",""
"39","1","TP5","3V3","Connector:TestPoint","Connector_PinHeader_2.54mm:PinHeader_1x01_P2.54mm_Vertical","~","",""
"40","1","TP13","OE","Connector:TestPoint","Connector_PinHeader_2.54mm:PinHeader_1x01_P2.54mm_Vertical","~","",""
"41","2","TR5, TR6","ETC1-1-13","Transformer:ETC1-1-13","Transformer_SMD:Transformer_MACOM_SM-22","https://cdn.macom.com/datasheets/ETC1-1-13.pdf","",""
"42","1","U4","Si571","Oscillator:Si571","Oscillator:Oscillator_SMD_SI570_SI571_Standard","http://www.silabs.com/Support%20Documents/TechnicalDocs/si570.pdf","",""
"43","1","U7","LM7805CT","Regulator_Linear:LM7805_TO220","Package_TO_SOT_THT:TO-220-3_Vertical","https://www.onsemi.cn/PowerSolutions/document/MC7800-D.PDF","",""
"44","1","U8","LM1117T-3.3","Regulator_Linear:LM1117T-3.3","Package_TO_SOT_SMD:TO-252-2","http://www.ti.com/lit/ds/symlink/lm1117.pdf","",""
"45","1","U9","LTC5584","T41_Library:LTC5584","Package_DFN_QFN:VQFN-24-1EP_4x4mm_P0.5mm_EP2.45x2.45mm","https://www.analog.com/media/en/technical-documentation/data-sheets/5584f.pdf","",""
"46","1","U11","PSA-8A+","T41_Library:PSA-8A+","Package_TO_SOT_SMD:SOT-363_SC-70-6","https://www.minicircuits.com/pdfs/PSA-8A+.pdf","",""
